scene	start	end	frames	duration	tl_frame	inner_cut_rel	cut_on_boundary	lyrics_asr	title	lyrics_screenplay	framing	continuity	inner_cuts	screenplay
0	-	-	124	5.1667	0	0.000	no		Vorspann Nahaufnahme des Teiches. Schild		close-up, tracking move			Vorspann Nahaufnahme des Teiches. Schild weht sachte im Wind. Libellen schwirren umher. Kameradolly langsam links nach rechts. Ab und zu Windböe die das Schilf bewegt => rauschen des Schilfs In der Ferne leicht verschwommen ein Bauernhofgebäude/Stall Hintergrundgeräusche => Gackern, Zwitschern, Schweine, Kühe (nur hören), Wasser gluckern
1	0.000	6.583	158	6.5833	124	0.000	no	Ich bin sehr traurig, hab' kaputt vom Teich	Musik setzt ein Vogelperspektive auf		bird's eye, straight down, zoom in			Musik setzt ein Vogelperspektive auf das Gelände Langsamer Zoom auf den Teich Anfangs nur ein schwarzer kleiner Schatten im Wasser Wird deutlicher dass es ein Frosch von oben ist Schatten/Frosch macht langsame schwimmartige Bewegungen mit den Beinen und kommt ruckartig voran, wie beim Abstoßen im Wasser Erreicht in der Zeit das Ufer zur Hälfte
2	6.458	13.042	158	6.5833	279	0.000	no	Ich bin sehr traurig, hab' kaputt vom Teich	Overshoulder/ hinter dem Frosch auf		over the shoulder, from behind			Overshoulder/ hinter dem Frosch auf höhe des Wasserspiegels Frosch macht ruckartige, langsame Schwimmbewegungen Fliegen schwirren umher, Frosch interessiert das nicht, er hält auf verschwommenen Bauernhof zu Am Ende der Szene erreicht er das Ufer
3	12.375	17.542	124	5.1667	421	0.000	no	Ich bin sehr traurig, hab' kaputt vom Teich	Kamera von der Seite zwischen		profile, side on, worm's eye, at ground level			Kamera von der Seite zwischen Ufer und Wasser. Auf Bodenebene. Frosch stützt sich mit den Armen ans Ufer und hieft sich träge aus dem Wasser. Platscht auf den Bauch und bleibt mit dem Gesicht nach unten erstmal liegen
4	15.500	20.667	124	5.1667	496	0.000	no	Ich bin sehr traurig, hab' kaputt vom Teich / Meine Haut ist glipsisch und trotzdem weich	Top Down Closeup auf den		bird's eye, straight down, close-up, locked off, zoom in, tracking move			Top Down Closeup auf den gesamten Frosch im Gras. Noch auf dem Bauch liegend. Man sieht wie er schnauft, oder erschöpft ausatmet. Aber nur an der Bewegung des Rückens. Liegt noch mit dem Gesicht nach unten. Dreht sich mit einem angestrengten Schwung auf den Rücken. Frosch liegt auf dem Rücken und schaut nun nach oben. Kamera bleibt statisch, eventuell ganz leichter langsamer Zoom oder ruhige Dolly-Fahrt
5	18.583	23.750	124	5.1667	570	0.000	no	Ich bin sehr traurig, hab' kaputt vom Teich / Meine Haut ist glipsisch und trotzdem weich / Die Fliegen schwören noch mal ein Gesicht	Ich sitze traurig am Rand	Ich sitze traurig am Rand vom Teich	close-up			Closeup auf das Gesicht des Frosches Glasiger Blick Wolken spiegeln sich leicht in den Augen
6	21.208	26.375	124	5.1667	633	0.000	no	Meine Haut ist glipsisch und trotzdem weich / Die Fliegen schwören noch mal ein Gesicht / Ich kann sie pressen, aber Hunger hab ich nicht	Meine Haut ist glibschig und	Meine Haut ist glibschig und trotzdem weich	worm's eye, at ground level, tracking move			Kamera auf Grashöhe. Langsame Dolly-Fahrt von Kopf bis Fuß des Frosches Man sieht die Haut im Sonnenlicht glänzen
7	23.792	30.375	158	6.5833	695	0.000	no	Die Fliegen schwören noch mal ein Gesicht / Ich kann sie pressen, aber Hunger hab ich nicht / Sie sagt, meine Augen sind zu groß	Die Fliegen schwirren um mein	Die Fliegen schwirren um mein Gesicht, ich könnt' sie fressen aber Hunger hab ich nicht	extreme close-up, close-up			Stärkeres Closeup auf das Frosch-Gesicht Fliegen umschwirren es. Frosch fährt die Zunge träge aus, aber nur um wie ein Gecko sein Auge abzulecken. Erneut ein träges, müdes ausatmen, schnaufen
8	29.792	34.958	124	5.1667	839	0.000	no	Sie sagt, meine Augen sind zu groß	Ansicht des Frosches von der		profile, side on, worm's eye, at ground level, over the shoulder			Ansicht des Frosches von der Seite auf Grashöhe. Der Frosch dreht sich wieder auf den Bauch und lehnt den Kopf müde auf die Hände. Cut auf Over-Shoulder-View. Die Kamera fokussiert nun in der Ferne den Hühnerstall vor dem Bauernhof/Kuhstall
9	33.000	38.167	124	5.1667	916	0.000	no	Sie sagt, meine Augen sind zu groß / Seh erst am Fibien, was ist da los?	Sie sagt meine Augen sind	Sie sagt meine Augen sind zu groß				In der Mitte des Bildschrims läuft ein Huhn langsam und stolz umher und pickt Körner
10	36.458	41.625	124	5.1667	999	0.000	no	Seh erst am Fibien, was ist da los?	[viel zu groß]	[viel zu groß]	extreme close-up			Super Cut auf die Augen des Frosches. Das Huhn spiegelt sich in den sehnsüchtig guckenden Froschaugen
11	38.542	43.708	124	5.1667	1049	0.000	no	Seh erst am Fibien, was ist da los?	Sie hasst Amphibien, was ist	Sie hasst Amphibien, was ist da los	from behind, worm's eye, at ground level, locked off	hold		Kamera hinter dem Huhn. Auf dem Boden. Man sieht das Huhn komplett picken. Es hebt den Kopf und schaut in Richtung Teich. Verächtlich dreht es sich um und läuft im Hühner-Gang aus dem Bild. Kamera bleibt stehen (First <> Last Frame)
12	42.917	48.083	124	5.1667	1154	0.000	no	Ich bin ein Frosch, was soll ich tun? / Bin arg verknallt, denn nun unsere Welt	Langsamer Fokus von der vorherigen		focus rack, worm's eye, at ground level	chain		Langsamer Fokus von der vorherigen Position auf den Teich. Der Frosch liegt noch auf dem Boden, schaut in Richtung Kamera
13	44.167	49.333	124	5.1667	1184	0.000	no	Ich bin ein Frosch, was soll ich tun? / Bin arg verknallt, denn nun unsere Welt	Ich bin ein Frosch! Was	Ich bin ein Frosch! Was soll ich tun?	close-up, front on, eye level			Close Up Frosch. Frontalansicht. Frosch sagt die Wörter. Der Frosch schlägt dabei mit einer Faust verzweifelt wütend auf den grasigen Boden
14	46.750	56.167	226	9.4167	1246	2.833	yes	Bin arg verknallt, denn nun unsere Welt / Weit auseinander, doch bestimmt nur füreinander / Stell dir unsere Kinder vor	Bin argh verknallt in ein	Bin argh verknallt in ein Huhn. / Uns’re Welten, weit auseinander. / Doch bestimmt nur für einander.	profile, side on	hold	2.833,5.958	Seitenansicht. Kamera neben dem Frosch. Frosch rechts, Blickrichtung links. Dramatisch wie bei einigen Animes: Frosch hält die Faust auf seinem Herzen vor seiner Brust. Schaut traurig nach unten mit geschlossenen Augen. Sagt die Wörter. Im Himmel dahinter erscheint oben links, halb transparent das Profil des Huhns. (First <> Last Frame) || (First <> Last Frame) Kamera bleibt so. Szene bleibt so. Nur der Frosch öffnet die Augen und eine Träne glitzert im Augenwinkel während er nach oben gen Himmel schaut. Dort ist noch immer das Hühnergesicht || (First <> Last Frame) Weiterhin gleicher Ausschnitt und gleiche Ansicht. Der Frosch wischt sich die Träne aus dem Auge und schaut trotzig und singt Er setzt sich in Bewegung und hüpft los. Kamera bleibt auf gleicher Höhe aber bewegt sich mit einer Dolly-Fahrt mit
15	55.708	61.583	141	5.8750	1461	0.000	no	Stell dir unsere Kinder vor / Schleimtige Federn, große Augen	Stell dir unsre Kinder vooooor	Stell dir unsre Kinder vooooor	zoom in, zoom out, worm's eye, at ground level			Man sieht das Huhn auf einem Stuhl sitzen und Häkeln. Die Kamera zoomt raus und man sieht vor dem Huhn drei kleine Federphibien die auf dem Boden mit (Kaulquappen-)Plüschtieren spielen
16	55.708	67.958	294	12.2500	1461	5.500	no	Stell dir unsere Kinder vor / Schleimtige Federn, große Augen / Geht weg zum Fliegen, rolle Schwimmenshaufen	Wir brauchen hier eine endlose		tracking move		5.500	Wir brauchen hier eine endlose Loop Variante der Dolly-Fahrt neben dem hüpfenden Frosches. Man sieht in weiter hüpfen und das Gras rauscht vorbei. Da er faktisch nur 2 Meter überbrücken muss, bewegt sich der Hintergrund sehr langsam mit. Der Frosch der hüpft nimmt dabei ⅓ des Bildschirms ein und der Himmel lässt einen großen Bereich frei für die Zukunftsvisionen. Wir brauchen an der Stille nur das was dann gleichzeitig im Himmel halbtransparent eingeblendet wird. Es sind die Zukunftsvisionen die am Ende visuell platziert werden :
17	61.458	66.625	124	5.1667	1599	0.000	no	Schleimtige Federn, große Augen / Geht weg zum Fliegen, rolle Schwimmenshaufen	Schleimige Federn …	Schleimige Federn …	zoom in			Die Kamera fährt mit zwei Cuts die Eigenschaften der Federphibien ab. Zoom auf die schleim-benetzten Federn
18	63.542	68.708	124	5.1667	1649	0.000	no	Schleimtige Federn, große Augen / Geht weg zum Fliegen, rolle Schwimmenshaufen	... große Auuuugen [so große	... große Auuuugen [so große Augen!]	zoom in			Zoom auf große Glubschaugen. Träges blinzeln. Zunge wischt über Augen
19	67.500	72.667	124	5.1667	1744	0.000	no	Geht weg zum Fliegen, rolle Schwimmenshaufen / Federn, wie den Goldmann sie nennen	die nicht zum fliegen oder	die nicht zum fliegen oder schwimmen taugen	aerial, travelling, profile, side on, from behind			Langsamer Drohnenflug entlang des Teich wo tote Federphibien schwimmen (rücken nach oben). Blick von der Seite. Flug hin zu einem Mann, der auf einem Stuhl am Teich sitzt. Blick von hinten. Anfangs verschwommen
20	70.417	76.292	141	5.8750	1814	0.000	no	Federn, wie den Goldmann sie nennen / Ich denk mich zu, mit ihren Daunen	Federphibien soll man sie nennen.	Federphibien soll man sie nennen. Nachkömmlinge von Frosch und Hennen / Huhn + Frosch = Federphibium				Cut auf den Notizblock des Mannes der über die Seite streicht. Auf dem Block ist eine Zeichnung von Huhn und Frosch in typsicher wissenschaftlicher Zeichnung aus dem 19/20 Jahrhundert, sowie die Notiz
21	76.250	81.417	124	5.1667	1954	0.000	no	Ich denk mich zu, mit ihren Daunen	Bridge. Cut auf den rennenden		front on, eye level, worm's eye, at ground level			Bridge. Cut auf den rennenden Frosch. Hüpft nun vom Rasen auf den Sand/Schotter. Und kommt schlitternd zum stehen. Er dreht sich zur Seite. Im Hintergrund ist nun der Hühnerstall frontal und verschwommen zu sehen. Frog-Perspektive
22	78.625	83.792	124	5.1667	2011	0.000	no	Ich denk mich zu, mit ihren Daunen / Ich heiz sie aus, ihre verrückten Launen	Kamera-View von der Seite. Der		profile, side on			Kamera-View von der Seite. Der Frosch rennt die Hühnerleiter hoch und verschwindet im Loch
23	81.667	86.833	124	5.1667	2084	0.000	no	Ich denk mich zu, mit ihren Daunen / Ich heiz sie aus, ihre verrückten Launen / Sie dreht den Kopf, sie schaut mich an	Ich deck mich zu mit	Ich deck mich zu mit ihren Daunen	from behind, worm's eye, at ground level			Im Hühnerstall. Der Frosch hüpft und landet in einem Berg aus Daunen und Federn. Cut. Kamera hinter dem Frosch. Frog-Perspective. Vor ihm steht das Huhn und baut sich bedrohlich auf
24	84.167	89.333	124	5.1667	2144	0.000	no	Ich heiz sie aus, ihre verrückten Launen / Sie dreht den Kopf, sie schaut mich an / Ich heiz nicht aus, ich heiz nicht aus, nimm mich zum Mann	Ich halt sie aus, ihre	Ich halt sie aus, ihre verrückten Launen / auf die Kameralinse	from behind	hold		First Frame<>Last Frame Das Huhn holt Luft und brüllt den Frosch an. Wir sehen ihn von hinten im Federberg sitzen. Federn fliegen weg. Eine Feder fliegt und verdeckt sie. Cut
25	87.083	92.250	124	5.1667	2214	0.000	no	Sie dreht den Kopf, sie schaut mich an / Ich heiz nicht aus, ich heiz nicht aus, nimm mich zum Mann	Sie dreht den Kopf …	Sie dreht den Kopf …	close-up, worm's eye, at ground level, from behind, profile, side on			Closeup. Frog-Perspective. Hinter dem Frosch. Frosch sitzt noch im Federberg. Man sieht nur den unteren Teil des Hünerkörpers. So groß ragt das Huhn über dem Frosch auf. Das Huhn senkt den Kopf und kommt so ins Bild. Wir sehen den Hühnerkopf der sich nun seitlich dreht, damit das Huhn den Frosch direkt fokussieren und ins Auge fassen kann
26	88.333	93.500	124	5.1667	2244	0.000	no	Sie dreht den Kopf, sie schaut mich an / Ich heiz nicht aus, ich heiz nicht aus, nimm mich zum Mann / Ihr Gang erinnert an Uhrzeit, der Gang erinnert an Uhrzeitechst	... sie schaut mich an.	... sie schaut mich an. Ich halt’s nicht aus. / Hosentasche	from behind			Im Comicstyle von hinten sieht man wie sich der Frosch erschreckt/erstaunt.. Man sieht, wie der eine Frosch-Arm nach hinten geht und in einer wühlt. Also künstlerisch, als würde er was von hinten rauskramen
27	91.042	96.208	124	5.1667	2309	0.000	no	Ich heiz nicht aus, ich heiz nicht aus, nimm mich zum Mann / Ihr Gang erinnert an Uhrzeit, der Gang erinnert an Uhrzeitechst	Nimm mich zum Mann	Nimm mich zum Mann	close-up, profile, side on			Closeup. Seitlich. Man sieht nur den Hühnerstall-Wandhintergrund verschwommen und ins Bild kommen die Hände des Frosches die einen kleinen Kasten aus Sehrosenblättern aufmachen. Darin sieht man einen glänzenden, goldenen Ring rausragen
28	93.333	98.500	124	5.1667	2364	0.000	no	Ihr Gang erinnert an Uhrzeit, der Gang erinnert an Uhrzeitechst	Bridge. Fokus auf das Huhn.					Bridge. Fokus auf das Huhn. Es pickt den Ring auf. Cut. Der Kopf geht wieder hoch und das Huhn verschluckt den Ring
29	94.583	99.750	124	5.1667	2394	0.000	no	Ihr Gang erinnert an Uhrzeit, der Gang erinnert an Uhrzeitechst / Das macht mich rollig, ich will sie sexen	Seitliche Ansicht erneut. Frosch im		profile, side on	chain		Seitliche Ansicht erneut. Frosch im Federhaufen. Man sieht verschwommen im Vordergrund, wie das Huhn einfach am Frosch vorbei geht. Man sieht also nur in groß und verschwommen die Füße vorbeilaufen. Der Frosch schaut wie erstarrt immernoch ins Leere vor sich
30	95.833	101.000	124	5.1667	2424	0.000	no	Ihr Gang erinnert an Uhrzeit, der Gang erinnert an Uhrzeitechst / Das macht mich rollig, ich will sie sexen	Ihr Gang erinnert an Urzeit-Echsen	Ihr Gang erinnert an Urzeit-Echsen	front on, eye level, focus rack			Ansicht von vorne. Der Frosch dreht sich um. Im Hintergrund geht das Huhn Richtung Ausgang. Der Hintern des Huhns wippt leicht nach links und rechts. Während der Frosch sich umdreht, wird der Fokus auf das Huhn, also den Hintergrund gelegt und die Tiefenschärfe passt sich an
31	100.000	105.167	124	5.1667	2524	0.000	no	Das macht mich rollig, ich will sie sexen / Die linke Körner, sie kommt näher und muss ich spüren	First Frame<>Last Frame Der Fokus		focus rack	hold,chain		First Frame<>Last Frame Der Fokus wechselt wieder langsam auf den Frosch. Cartoon-Herzen steigen über dem Kopf auf
32	102.083	107.250	124	5.1667	2574	0.000	no	Das macht mich rollig, ich will sie sexen / Die linke Körner, sie kommt näher und muss ich spüren	Das macht mich rollig, ich	Das macht mich rollig, ich will sie sexen	over the shoulder, close-up, worm's eye, at ground level, medium wide, wide			Over-Shoulder beim Frosch. Großaufnahme. Er blickt nach unten und sieht auf dem Boden vor sich Körner. Er nimmt sie. Cut. Halbtotale. Er wirft die Körner hoch. Cut. Closeup auf die fallenden Körner
33	105.000	110.167	124	5.1667	2644	0.000	no	Die linke Körner, sie kommt näher und muss ich spüren	Ich leg mir Körner auf	Ich leg mir Körner auf den Rücken	extreme close-up, close-up, focus rack			Die Körner landen auf der glitschigen Haut. Dir sehen einen super Closeup wie die Körner auf der Haut landen. Im Hintergrund sehen wir wieder das Huhn, wie es zur Tür läuft, sich aber in dem Moment, wo die Körner auf der Haut landen, plötzlich stehen bleibt und den Kopf umdreht. Gleichzeitig wird auch der Fokus schnell auf das Huhn gelegt. Die Tiefenschärfe passt sich an
34	110.000	115.167	124	5.1667	2764	0.000	no	Die linke Körner, sie kommt näher und muss ich spüren / Den Blick beklärt, wenn ich verkleise, jede Berührung schickt mich auf eine Reise	Sie kommt näher, muss sich	Sie kommt näher, muss sich bücken.	profile, side on, zoom out, zoom in			Wir haben den Blick von der Seite. Wir sehen etwas rausgezoomt den Frosch wieder vor dem Federberg sitzen. Den Kopf gebeugt. Körner auf dem Kopf/Nacken/Rücken. Das Huhn kommt ins Bild und neigt den Kopf herunter zu dem Frosch. Es begutachtet die Körner
35	112.917	118.083	124	5.1667	2834	0.000	no	Den Blick beklärt, wenn ich verkleise, jede Berührung schickt mich auf eine Reise / Wasch und tut, wie ungewöhnlich	Sie pickt zärtlich, ich quak	Sie pickt zärtlich, ich quak leise		hold,chain		First Frame <> Last Frame Gleiche Einstellung. Das Huhn fängt an zu picken. Nur einmal. Bei der Berührung quakt der Frosch und fängt an zu schwitzen
36	115.417	120.583	124	5.1667	2894	0.000	no	Den Blick beklärt, wenn ich verkleise, jede Berührung schickt mich auf eine Reise / Wasch und tut, wie ungewöhnlich	Jede Berührung schickt mich auf	Jede Berührung schickt mich auf eine Reise				Das Huhn pickt nochmal. Der Hintergrund verschwimmt ins Schwarze und die Zeit verlangsamt sich, während nur noch das Huhn und der Frosch zu sehen sind. Während das Huhn nochmal zum Picken ansetzt, schaut der Frosch hoch. Die Blicke treffen sich
37	118.958	124.833	141	5.8750	2979	0.000	no	Wasch und tut, wie ungewöhnlich / Vogel und Tampi und Tampi und Tampi und Tampi und Tampi	Frosch und Huhn wie ungewöhnlich.	Frosch und Huhn wie ungewöhnlich.	close-up, zoom in			In wechselnden Cuts sieht man mal das Huhn und mal den Frosch in Closeups. Ggf. leichter Zoom, um die intensiver werdenden Blicke zu verdeutlichen. Dann kommt die Erkenntnis beim Huhn. Die Pupillen verengen sich plötzlich
38	124.583	129.750	124	5.1667	3114	0.000	no	Vogel und Tampi und Tampi und Tampi und Tampi und Tampi / Ich stell dir unsere Kinder vor	Vogel und Amphibium	Vogel und Amphibium	wide			Totale. Das Huhn dreht sich um und deutet auf ihren Rücken. Der Frosch hüpft auf den Rücken des Huhns
39	127.292	132.458	124	5.1667	3179	0.000	no	Vogel und Tampi und Tampi und Tampi und Tampi und Tampi / Ich stell dir unsere Kinder vor	die finden si…	die finden si…	from behind, zoom in			Man sieht das Huhn von hinten, wie es mit dem Frosch auf dem Rücken auf den Ausgang zurennt. Dramatischer Zoom während die Kameraeinstellung gleich bleibt und dem Huhn von hinten folgt
40	128.958	134.125	124	5.1667	3219	0.000	no	Ich stell dir unsere Kinder vor	siiiiiihiiiisch	siiiiiihiiiisch	profile, side on, wide, worm's eye, at ground level			Außerhalb des Hühnerstalls. Seitliche Totale. Mit einsetzender Zeitlupe springt das Huhn mit dem Frosch auf dem Rücken aus dem Hühnerstall. Herzen umschwirren die beiden. Drama, Zeitlupe, Inszenierung! Der Frosch hat es geschafft! Auf Frame 3130 landen die Beiden auf dem Boden und das Huhn rennt weiter, mit dem Frosch auf dem Rücken
41	130.417	136.292	141	5.8750	3254	0.000	no	Ich stell dir unsere Kinder vor / Schleimtige Federn, große Augen	Stell dir uns’re Kinder vooooor	Stell dir uns’re Kinder vooooor	close-up, front on, eye level			Closeup von vorne und dem Oberkörper des Huhns. Man sieht auch den Frosch. Beide schauen sich verliebt an während das Huhn weiter rennt und der Hintergrund mit Staub und allem nur so dahin fliegt
42	135.625	142.208	158	6.5833	3379	0.000	no	Schleimtige Federn, große Augen / Geht weg zum Fliegen oder Schwimmenshaufen	Schleimige Federn große Augen	Schleimige Federn große Augen	close-up			Close up auf den Frosch, der zärtlich das Federkleid streichelt und eine leichte Schleimspur hinterlässt. Er schließt die Augen und lehnt sich an den Hühnerhals
43	141.667	146.833	124	5.1667	3524	0.000	no	Geht weg zum Fliegen oder Schwimmenshaufen / Federn, wie den Goldmann sie nennen	Die nicht zum fliegen oder	Die nicht zum fliegen oder schwimmen taugen	zoom in, zoom out, from behind, focus rack			Zoom out wieder hin zu dem Wissenschaftler, der am Teich sitzt und zeichnet. Man sieht ihn wieder nur von hinten. Huhn und Frosch rennen weiter und verschwimmen durch die Tiefenschärfe als der Fokus auf den Forscher geht. Dieser springt auf und hält sich am Stuhl fest
44	144.792	149.958	124	5.1667	3599	0.000	no	Federn, wie den Goldmann sie nennen / Nach Kömmlingen von Frosch und Birnen	Federphibien soll man sie nennen	Federphibien soll man sie nennen	from behind			Er nimmt die Kamera und fängt an Fotos zu machen. Man sieht ihn nach wie vor nur von hinten, wie er hektisch fotografiert und durch den Sucher der DSLR schaut
45	148.125	159.667	277	11.5417	3679	7.955	yes	Nach Kömmlingen von Frosch und Birnen / Kömmlingen von Frosch und Birnen / Nach Kömmlingen von Frosch und Birnen	Nachkömmlinge von Frosch und Hennen	Nachkömmlinge von Frosch und Hennen			7.955	Huhn mit Frosch auf dem Rücken rennen weiter. Mehrere Cuts. Mehrere Einstellungen. Mal ein Hüpfer über eine Pfütze. Mal der Frosch, der eine Fliege aus der Luft schnappt
46	159.083	164.250	124	5.1667	3942	0.000	no	Nach Kömmlingen von Frosch und Birnen / Nach Kömmlingen von Frosch und Birnen / Nach Kömmlingen von Frosch und Birnen	Ansicht von hinten. Die beiden		from behind			Ansicht von hinten. Die beiden rennen einen leichten Hügel hinauf. Sie rennen dem Sonnenuntergang entgegen und man sieht nur noch ihre Silhouetten
47	166.250	171.417	124	5.1667	4114	0.000	no		First Frame<>Last Frame Das Huhn		held freeze frame	hold		First Frame<>Last Frame Das Huhn hüpft, auch der Frosch hebt sich ab und es gibt ein Standbild. Typisch von einigen Cartoons am Ende. Die Blende schließt sich. (via Effekt von Davinci Resolve)
